{"cameraMode":{"drawMode":0,"name":"Shaded","section":"Shading Mode"},"sceneLighting":false,"audioPlay":false,"sceneViewState":{"showFog":true,"showMaterialUpdate":true,"showSkybox":false,"showFlares":true,"showImageEffects":true,"showParticleSystems":true},"in2DMode":false,"pivot":{"x":0.03855776786804199,"y":0.38124871253967287,"z":0.5315881967544556},"rotation":{"x":-0.17465583980083466,"y":-0.7262656688690186,"z":0.1997155100107193,"w":-0.6342602968215942},"size":0.9782847166061401,"orthographic":false}