{"cameraMode":{"drawMode":0,"name":"Shaded","section":"Shading Mode"},"sceneLighting":false,"audioPlay":false,"sceneViewState":{"showFog":true,"showMaterialUpdate":true,"showSkybox":false,"showFlares":true,"showImageEffects":true,"showParticleSystems":true},"in2DMode":false,"pivot":{"x":-9.284127235412598,"y":-0.7754266262054443,"z":12.283706665039063},"rotation":{"x":-0.09012315422296524,"y":-0.8568424582481384,"z":0.1598176807165146,"w":-0.4819718897342682},"size":4.359681606292725,"orthographic":false}