{"cameraMode":{"drawMode":0,"name":"Shaded","section":"Shading Mode"},"sceneLighting":false,"audioPlay":false,"sceneViewState":{"showFog":true,"showMaterialUpdate":true,"showSkybox":false,"showFlares":true,"showImageEffects":true,"showParticleSystems":true},"in2DMode":false,"pivot":{"x":-0.05648939311504364,"y":0.23858515918254853,"z":-0.009661823511123658},"rotation":{"x":-0.17465583980083466,"y":-0.7262656688690186,"z":0.1997155100107193,"w":-0.6342602968215942},"size":0.4348234236240387,"orthographic":false}