{"cameraMode":{"drawMode":0,"name":"Shaded","section":"Shading Mode"},"sceneLighting":false,"audioPlay":false,"sceneViewState":{"showFog":true,"showMaterialUpdate":true,"showSkybox":false,"showFlares":true,"showImageEffects":true,"showParticleSystems":true},"in2DMode":false,"pivot":{"x":5.303510665893555,"y":0.2707647979259491,"z":-0.009661823511123658},"rotation":{"x":0.1789153814315796,"y":-0.48964786529541018,"z":0.10354296118021012,"w":0.8471128940582275},"size":0.4604741036891937,"orthographic":false}