{"cameraMode":{"drawMode":0,"name":"Shaded","section":"Shading Mode"},"sceneLighting":true,"audioPlay":false,"sceneViewState":{"showFog":true,"showMaterialUpdate":true,"showSkybox":true,"showFlares":true,"showImageEffects":true,"showParticleSystems":true},"in2DMode":false,"pivot":{"x":-1.6806031465530396,"y":-0.7965645790100098,"z":31.17507553100586},"rotation":{"x":-0.08997771143913269,"y":0.5736865997314453,"z":-0.06359919160604477,"w":-0.8116297721862793},"size":10.727846145629883,"orthographic":false}